Algorithm,k,n,N,AvgCompetitiveRatio,StdDev
FirstFit[p=0.05],2,50,100,2.04,0.3056141357987225
FirstFit[p=0.05],2,100,100,2.515,0.4327528162819972
FirstFit[p=0.05],2,150,100,2.795,0.5342986056504359
FirstFit[p=0.05],2,200,100,3.245,0.5361669516111562
FirstFit[p=0.05],2,300,100,3.7,0.7713624310270756
FirstFit[p=0.05],2,400,100,4.16,0.6923871749245505
FirstFit[p=0.05],2,500,100,4.26,0.9525754563287887
FirstFit[p=0.05],2,600,100,4.575,0.928372231381357
FirstFit[p=0.05],2,700,100,4.7,1.1532562594670797
FirstFit[p=0.05],2,800,100,4.96,1.215894732285653
FirstFit[p=0.05],2,900,100,5.29,1.229186723000212
FirstFit[p=0.05],2,1000,100,5.15,1.2278029157808674
FirstFit[p=0.05],3,50,100,1.8733333333333333,0.18726095873584184
FirstFit[p=0.05],3,100,100,2.36,0.1866666666666666
FirstFit[p=0.05],3,150,100,2.7333333333333334,0.23570226039551587
FirstFit[p=0.05],3,200,100,3.1033333333333335,0.20382454328280603
FirstFit[p=0.05],3,300,100,3.78,0.22715633383201095
FirstFit[p=0.05],3,400,100,4.3133333333333335,0.2530700386146975
FirstFit[p=0.05],3,500,100,4.823333333333333,0.3604164258188019
FirstFit[p=0.05],3,600,100,5.366666666666666,0.3144660377352202
FirstFit[p=0.05],3,700,100,5.72,0.3964284999284935
FirstFit[p=0.05],3,800,100,6.223333333333334,0.3973663297261106
FirstFit[p=0.05],3,900,100,6.61,0.43219080148574296
FirstFit[p=0.05],3,1000,100,6.943333333333333,0.5375975363700164
FirstFit[p=0.05],4,50,100,1.6325,0.15188400179084036
FirstFit[p=0.05],4,100,100,2.0375,0.1386317063301177
FirstFit[p=0.05],4,150,100,2.3675,0.12968712349342937
FirstFit[p=0.05],4,200,100,2.6775,0.15530212490497353
FirstFit[p=0.05],4,300,100,3.2325,0.14686303142724516
FirstFit[p=0.05],4,400,100,3.785,0.15419143945109273
FirstFit[p=0.05],4,500,100,4.235,0.16515144564913745
FirstFit[p=0.05],4,600,100,4.7075,0.18389874931602987
FirstFit[p=0.05],4,700,100,5.1175,0.16753730927766508
FirstFit[p=0.05],4,800,100,5.565,0.16054594358002322
FirstFit[p=0.05],4,900,100,5.9525,0.1926622692693097
FirstFit[p=0.05],4,1000,100,6.3625,0.20116846174288852
CBIP[p=0.05],2,50,100,1.91,0.25865034312755125
CBIP[p=0.05],2,100,100,1.985,0.2688401011754013
CBIP[p=0.05],2,150,100,2.005,0.2692118125194361
CBIP[p=0.05],2,200,100,2.045,0.21324868112136122
CBIP[p=0.05],2,300,100,2.06,0.27640549922170504
CBIP[p=0.05],2,400,100,2.05,0.229128784747792
CBIP[p=0.05],2,500,100,2.035,0.2669737814842499
CBIP[p=0.05],2,600,100,2.045,0.24591665254715875
CBIP[p=0.05],2,700,100,2.07,0.2238302928559939
CBIP[p=0.05],2,800,100,2.07,0.24515301344262524
CBIP[p=0.05],2,900,100,2.06,0.24779023386727733
CBIP[p=0.05],2,1000,100,2.05,0.20615528128088303
FirstFit(HeuristicDegree)[p=0.05],2,50,100,1.37,0.4160528812542944
FirstFit(HeuristicDegree)[p=0.05],2,100,100,1.68,0.642339474110069
FirstFit(HeuristicDegree)[p=0.05],2,150,100,1.955,0.7908697743623788
FirstFit(HeuristicDegree)[p=0.05],2,200,100,2.135,0.8968138045324682
FirstFit(HeuristicDegree)[p=0.05],2,300,100,2.555,1.0341542438147222
FirstFit(HeuristicDegree)[p=0.05],2,400,100,2.695,1.165965265348844
FirstFit(HeuristicDegree)[p=0.05],2,500,100,2.535,1.3327696725241012
FirstFit(HeuristicDegree)[p=0.05],2,600,100,2.95,1.439618004888797
FirstFit(HeuristicDegree)[p=0.05],2,700,100,3.02,1.526302722267113
FirstFit(HeuristicDegree)[p=0.05],2,800,100,3.135,1.4813085431469029
FirstFit(HeuristicDegree)[p=0.05],2,900,100,3.51,1.5921369287847074
FirstFit(HeuristicDegree)[p=0.05],2,1000,100,3.39,1.697910480561328
FirstFit(HeuristicDegree)[p=0.05],3,50,100,1.59,0.19353437822659716
FirstFit(HeuristicDegree)[p=0.05],3,100,100,1.99,0.23783747952470963
FirstFit(HeuristicDegree)[p=0.05],3,150,100,2.3733333333333335,0.2416609194718914
FirstFit(HeuristicDegree)[p=0.05],3,200,100,2.69,0.35979932678585647
FirstFit(HeuristicDegree)[p=0.05],3,300,100,3.21,0.31852088715742893
FirstFit(HeuristicDegree)[p=0.05],3,400,100,3.6566666666666667,0.46056728305669103
FirstFit(HeuristicDegree)[p=0.05],3,500,100,4.006666666666667,0.512032985048598
FirstFit(HeuristicDegree)[p=0.05],3,600,100,4.54,0.5711197578247296
FirstFit(HeuristicDegree)[p=0.05],3,700,100,4.753333333333333,0.6593262554389223
FirstFit(HeuristicDegree)[p=0.05],3,800,100,5.02,0.7284992183325327
FirstFit(HeuristicDegree)[p=0.05],3,900,100,5.35,0.8450838222724812
FirstFit(HeuristicDegree)[p=0.05],3,1000,100,5.656666666666666,1.0005054278269114
FirstFit(HeuristicDegree)[p=0.05],4,50,100,1.46,0.11575836902790225
FirstFit(HeuristicDegree)[p=0.05],4,100,100,1.8075,0.11648497757221744
FirstFit(HeuristicDegree)[p=0.05],4,150,100,2.1075,0.13808964479641478
FirstFit(HeuristicDegree)[p=0.05],4,200,100,2.4025,0.1409565535901045
FirstFit(HeuristicDegree)[p=0.05],4,300,100,2.91,0.1392838827718412
FirstFit(HeuristicDegree)[p=0.05],4,400,100,3.34,0.2046948949045872
FirstFit(HeuristicDegree)[p=0.05],4,500,100,3.8,0.18027756377319948
FirstFit(HeuristicDegree)[p=0.05],4,600,100,4.1925,0.21170439296339602
FirstFit(HeuristicDegree)[p=0.05],4,700,100,4.65,0.1903943276465977
FirstFit(HeuristicDegree)[p=0.05],4,800,100,4.965,0.255
FirstFit(HeuristicDegree)[p=0.05],4,900,100,5.3125,0.23284920012746446
FirstFit(HeuristicDegree)[p=0.05],4,1000,100,5.7,0.2806243040080456
FirstFit[p=0.1],2,50,100,2.11,0.5548873759602033
FirstFit[p=0.1],2,100,100,2.51,0.7968061244744545
FirstFit[p=0.1],2,150,100,2.91,0.9601562372864116
FirstFit[p=0.1],2,200,100,2.89,1.047807234180028
FirstFit[p=0.1],2,300,100,3.14,1.1069778678907722
FirstFit[p=0.1],2,400,100,3.37,1.4064494303031303
FirstFit[p=0.1],2,500,100,3.655,1.548701068637844
FirstFit[p=0.1],2,600,100,3.565,1.5389200758973807
FirstFit[p=0.1],2,700,100,3.365,1.6835305165039331
FirstFit[p=0.1],2,800,100,3.88,1.8001666589513317
FirstFit[p=0.1],2,900,100,4.02,1.8707217858356169
FirstFit[p=0.1],2,1000,100,3.6,1.711724276862369
FirstFit[p=0.1],3,50,100,2.08,0.2910517327059077
FirstFit[p=0.1],3,100,100,2.86,0.29128069699937975
FirstFit[p=0.1],3,150,100,3.22,0.4502345067974145
FirstFit[p=0.1],3,200,100,3.77,0.48003472096644556
FirstFit[p=0.1],3,300,100,4.543333333333333,0.650905352396013
FirstFit[p=0.1],3,400,100,5.006666666666667,0.7943970459830945
FirstFit[p=0.1],3,500,100,5.67,0.887562204392834
FirstFit[p=0.1],3,600,100,5.8966666666666665,1.0140074512108435
FirstFit[p=0.1],3,700,100,6.576666666666666,1.128277940540854
FirstFit[p=0.1],3,800,100,6.61,1.2754563453481615
FirstFit[p=0.1],3,900,100,7.15,1.5877132402714709
FirstFit[p=0.1],3,1000,100,7.433333333333334,1.393237636267091
FirstFit[p=0.1],4,50,100,1.875,0.1520690632574555
FirstFit[p=0.1],4,100,100,2.465,0.187149672722129
FirstFit[p=0.1],4,150,100,3.0325,0.21405314760591584
FirstFit[p=0.1],4,200,100,3.5175,0.2351993835025934
FirstFit[p=0.1],4,300,100,4.35,0.32015621187164245
FirstFit[p=0.1],4,400,100,5.1275,0.324990384473141
FirstFit[p=0.1],4,500,100,5.78,0.4187481343242021
FirstFit[p=0.1],4,600,100,6.4275,0.35758740190336685
FirstFit[p=0.1],4,700,100,6.98,0.6161168720299746
FirstFit[p=0.1],4,800,100,7.5,0.5196152422706631
FirstFit[p=0.1],4,900,100,7.9525,0.70417948706278
FirstFit[p=0.1],4,1000,100,8.465,0.8015765715139135
CBIP[p=0.1],2,50,100,1.76,0.3277193921634788
CBIP[p=0.1],2,100,100,1.78,0.31874754901018454
CBIP[p=0.1],2,150,100,1.845,0.28892040426387333
CBIP[p=0.1],2,200,100,1.79,0.3014962686336267
CBIP[p=0.1],2,300,100,1.875,0.2947456530637899
CBIP[p=0.1],2,400,100,1.865,0.35252659474144643
CBIP[p=0.1],2,500,100,1.86,0.3006659275674582
CBIP[p=0.1],2,600,100,1.87,0.2794637722496424
CBIP[p=0.1],2,700,100,1.83,0.31
CBIP[p=0.1],2,800,100,1.88,0.3171750305430741
CBIP[p=0.1],2,900,100,1.84,0.29899832775452106
CBIP[p=0.1],2,1000,100,1.855,0.2940663190506522
FirstFit(HeuristicDegree)[p=0.1],2,50,100,1.35,0.507444578254611
FirstFit(HeuristicDegree)[p=0.1],2,100,100,1.44,0.641404708432983
FirstFit(HeuristicDegree)[p=0.1],2,150,100,1.535,0.8070161088850705
FirstFit(HeuristicDegree)[p=0.1],2,200,100,1.575,0.9337424698491549
FirstFit(HeuristicDegree)[p=0.1],2,300,100,1.68,1.021077861869505
FirstFit(HeuristicDegree)[p=0.1],2,400,100,1.74,1.085080642164443
FirstFit(HeuristicDegree)[p=0.1],2,500,100,1.855,1.2654939746992082
FirstFit(HeuristicDegree)[p=0.1],2,600,100,1.815,1.2178977789617649
FirstFit(HeuristicDegree)[p=0.1],2,700,100,1.835,1.3191948301899914
FirstFit(HeuristicDegree)[p=0.1],2,800,100,1.81,1.344953530795767
FirstFit(HeuristicDegree)[p=0.1],2,900,100,1.915,1.3875427921329129
FirstFit(HeuristicDegree)[p=0.1],2,1000,100,1.865,1.438497480011696
FirstFit(HeuristicDegree)[p=0.1],3,50,100,1.68,0.4025474437186808
FirstFit(HeuristicDegree)[p=0.1],3,100,100,2.1333333333333333,0.5734883511361751
FirstFit(HeuristicDegree)[p=0.1],3,150,100,2.486666666666667,0.7061948110196726
FirstFit(HeuristicDegree)[p=0.1],3,200,100,2.5633333333333335,0.9051641962772402
FirstFit(HeuristicDegree)[p=0.1],3,300,100,3.1533333333333333,1.2538119653458586
FirstFit(HeuristicDegree)[p=0.1],3,400,100,3.63,1.2381841543163117
FirstFit(HeuristicDegree)[p=0.1],3,500,100,3.736666666666667,1.4562470791577766
FirstFit(HeuristicDegree)[p=0.1],3,600,100,3.8166666666666664,1.6352879461020517
FirstFit(HeuristicDegree)[p=0.1],3,700,100,4.416666666666667,1.77035777928267
FirstFit(HeuristicDegree)[p=0.1],3,800,100,4.506666666666667,1.8734875381372451
FirstFit(HeuristicDegree)[p=0.1],3,900,100,4.423333333333333,2.1201965317708953
FirstFit(HeuristicDegree)[p=0.1],3,1000,100,5.013333333333334,1.8867491148062643
FirstFit(HeuristicDegree)[p=0.1],4,50,100,1.6475,0.18739997331910163
FirstFit(HeuristicDegree)[p=0.1],4,100,100,2.105,0.265
FirstFit(HeuristicDegree)[p=0.1],4,150,100,2.6625,0.23551804601770965
FirstFit(HeuristicDegree)[p=0.1],4,200,100,2.9775,0.3825816906230616
FirstFit(HeuristicDegree)[p=0.1],4,300,100,3.68,0.5339475629684998
FirstFit(HeuristicDegree)[p=0.1],4,400,100,4.245,0.584144673860851
FirstFit(HeuristicDegree)[p=0.1],4,500,100,4.795,0.6474758682761853
FirstFit(HeuristicDegree)[p=0.1],4,600,100,5.09,1.084850220076486
FirstFit(HeuristicDegree)[p=0.1],4,700,100,5.7525,0.9161706991603693
FirstFit(HeuristicDegree)[p=0.1],4,800,100,6.0325,0.9149146135022656
FirstFit(HeuristicDegree)[p=0.1],4,900,100,6.3725,1.2152648888205402
FirstFit(HeuristicDegree)[p=0.1],4,1000,100,6.9475,1.0501755805578417
FirstFit[p=0.2],2,50,100,1.715,0.6973342096871485
FirstFit[p=0.2],2,100,100,1.975,0.8613216588476108
FirstFit[p=0.2],2,150,100,1.945,0.8333516664650045
FirstFit[p=0.2],2,200,100,2.115,1.095114149301341
FirstFit[p=0.2],2,300,100,1.995,0.9937177667728397
FirstFit[p=0.2],2,400,100,1.97,0.9970456358662827
FirstFit[p=0.2],2,500,100,2.14,1.0795369377654476
FirstFit[p=0.2],2,600,100,2.115,1.0673682588497748
FirstFit[p=0.2],2,700,100,2.185,1.0598466870260057
FirstFit[p=0.2],2,800,100,2.225,1.2636751956100112
FirstFit[p=0.2],2,900,100,2.045,1.1897373659762056
FirstFit[p=0.2],2,1000,100,1.965,1.0228758477938562
FirstFit[p=0.2],3,50,100,2.16,0.5152777029050559
FirstFit[p=0.2],3,100,100,2.6866666666666665,0.8052880781986586
FirstFit[p=0.2],3,150,100,2.98,1.068560818214023
FirstFit[p=0.2],3,200,100,3.15,1.240407639089308
FirstFit[p=0.2],3,300,100,3.4466666666666668,1.2483055181591831
FirstFit[p=0.2],3,400,100,3.7333333333333334,1.5951314818673865
FirstFit[p=0.2],3,500,100,3.8733333333333335,1.8896090130559342
FirstFit[p=0.2],3,600,100,3.973333333333333,1.8783444246936656
FirstFit[p=0.2],3,700,100,3.716666666666667,1.9744900888865236
FirstFit[p=0.2],3,800,100,3.73,1.7642719619025735
FirstFit[p=0.2],3,900,100,4.016666666666667,1.9022647321314432
FirstFit[p=0.2],3,1000,100,3.6866666666666665,1.8955034511531055
FirstFit[p=0.2],4,50,100,2.17,0.3159905061864992
FirstFit[p=0.2],4,100,100,2.7125,0.5295930041078715
FirstFit[p=0.2],4,150,100,3.375,0.6722164829874376
FirstFit[p=0.2],4,200,100,3.73,1.017152889196113
FirstFit[p=0.2],4,300,100,4.5925,1.1366920207338485
FirstFit[p=0.2],4,400,100,4.755,1.471810110034579
FirstFit[p=0.2],4,500,100,5.4575,1.6190487176116721
FirstFit[p=0.2],4,600,100,5.88,1.7619165701020012
FirstFit[p=0.2],4,700,100,5.89,1.796635744941083
FirstFit[p=0.2],4,800,100,5.855,1.9287884798494623
FirstFit[p=0.2],4,900,100,5.8325,2.4960105668846837
FirstFit[p=0.2],4,1000,100,5.895,2.2531034152918945
CBIP[p=0.2],2,50,100,1.465,0.3824591481452627
CBIP[p=0.2],2,100,100,1.56,0.3760319135392633
CBIP[p=0.2],2,150,100,1.56,0.35552777669262353
CBIP[p=0.2],2,200,100,1.56,0.3891015291668744
CBIP[p=0.2],2,300,100,1.545,0.3879110722833263
CBIP[p=0.2],2,400,100,1.55,0.37080992435478316
CBIP[p=0.2],2,500,100,1.585,0.3539420856580918
CBIP[p=0.2],2,600,100,1.565,0.35110539728121526
CBIP[p=0.2],2,700,100,1.635,0.35252659474144643
CBIP[p=0.2],2,800,100,1.61,0.3433656942677879
CBIP[p=0.2],2,900,100,1.535,0.3623189202898463
CBIP[p=0.2],2,1000,100,1.55,0.37080992435478316
FirstFit(HeuristicDegree)[p=0.2],2,50,100,1.065,0.2080264406271472
FirstFit(HeuristicDegree)[p=0.2],2,100,100,1.11,0.27910571473905726
FirstFit(HeuristicDegree)[p=0.2],2,150,100,1.14,0.3746998799039039
FirstFit(HeuristicDegree)[p=0.2],2,200,100,1.115,0.3453621287865825
FirstFit(HeuristicDegree)[p=0.2],2,300,100,1.195,0.5093868863643822
FirstFit(HeuristicDegree)[p=0.2],2,400,100,1.15,0.3570714214271425
FirstFit(HeuristicDegree)[p=0.2],2,500,100,1.195,0.4893618293246828
FirstFit(HeuristicDegree)[p=0.2],2,600,100,1.195,0.5696270709859215
FirstFit(HeuristicDegree)[p=0.2],2,700,100,1.21,0.45923850012820133
FirstFit(HeuristicDegree)[p=0.2],2,800,100,1.205,0.4005933099790859
FirstFit(HeuristicDegree)[p=0.2],2,900,100,1.175,0.43229041164476456
FirstFit(HeuristicDegree)[p=0.2],2,1000,100,1.355,0.6530505340323979
FirstFit(HeuristicDegree)[p=0.2],3,50,100,1.3833333333333333,0.51720402163943
FirstFit(HeuristicDegree)[p=0.2],3,100,100,1.5166666666666666,0.6487166818676188
FirstFit(HeuristicDegree)[p=0.2],3,150,100,1.67,0.7637553418616607
FirstFit(HeuristicDegree)[p=0.2],3,200,100,1.5266666666666666,0.781991758979026
FirstFit(HeuristicDegree)[p=0.2],3,300,100,1.6033333333333333,0.796792179792057
FirstFit(HeuristicDegree)[p=0.2],3,400,100,1.7266666666666666,0.9926171915138731
FirstFit(HeuristicDegree)[p=0.2],3,500,100,1.88,1.048300211453443
FirstFit(HeuristicDegree)[p=0.2],3,600,100,1.8,1.0583005244258363
FirstFit(HeuristicDegree)[p=0.2],3,700,100,1.7033333333333334,0.9682687872922706
FirstFit(HeuristicDegree)[p=0.2],3,800,100,1.82,1.0396794377755738
FirstFit(HeuristicDegree)[p=0.2],3,900,100,1.9366666666666668,1.3422162435481269
FirstFit(HeuristicDegree)[p=0.2],3,1000,100,1.9933333333333334,1.2823416081528354
FirstFit(HeuristicDegree)[p=0.2],4,50,100,1.6175,0.39757860857948585
FirstFit(HeuristicDegree)[p=0.2],4,100,100,2.005,0.6470896383036897
FirstFit(HeuristicDegree)[p=0.2],4,150,100,2.2625,0.8384323168867002
FirstFit(HeuristicDegree)[p=0.2],4,200,100,2.4675,1.0633996191460668
FirstFit(HeuristicDegree)[p=0.2],4,300,100,2.73,1.1930423295088906
FirstFit(HeuristicDegree)[p=0.2],4,400,100,2.8375,1.3506364240608943
FirstFit(HeuristicDegree)[p=0.2],4,500,100,3.3,1.678541033159452
FirstFit(HeuristicDegree)[p=0.2],4,600,100,2.89,1.698278540169427
FirstFit(HeuristicDegree)[p=0.2],4,700,100,3.295,1.7016095321782845
FirstFit(HeuristicDegree)[p=0.2],4,800,100,3.59,1.8975378784098091
FirstFit(HeuristicDegree)[p=0.2],4,900,100,3.555,2.05960554475851
FirstFit(HeuristicDegree)[p=0.2],4,1000,100,3.4075,2.0293641245473912
FirstFit[p=0.3],2,50,100,1.43,0.49
FirstFit[p=0.3],2,100,100,1.61,0.7502666192761077
FirstFit[p=0.3],2,150,100,1.455,0.5705041629997103
FirstFit[p=0.3],2,200,100,1.435,0.5858967485828881
FirstFit[p=0.3],2,300,100,1.49,0.5655970296951709
FirstFit[p=0.3],2,400,100,1.6,0.6819090848492928
FirstFit[p=0.3],2,500,100,1.47,0.5823229344616268
FirstFit[p=0.3],2,600,100,1.465,0.49119751628036556
FirstFit[p=0.3],2,700,100,1.515,0.5452293095569973
FirstFit[p=0.3],2,800,100,1.53,0.6849087530467106
FirstFit[p=0.3],2,900,100,1.505,0.6383376849285964
FirstFit[p=0.3],2,1000,100,1.64,0.7418894796396563
FirstFit[p=0.3],3,50,100,1.81,0.6311453433595502
FirstFit[p=0.3],3,100,100,2.07,0.937247743840087
FirstFit[p=0.3],3,150,100,2.0766666666666667,1.06024630262134
FirstFit[p=0.3],3,200,100,2.21,1.0725411155030116
FirstFit[p=0.3],3,300,100,2.17,0.9848801393514284
FirstFit[p=0.3],3,400,100,2.256666666666667,1.0518290946938311
FirstFit[p=0.3],3,500,100,2.316666666666667,1.0927793311857004
FirstFit[p=0.3],3,600,100,2.0566666666666666,0.9661550370181566
FirstFit[p=0.3],3,700,100,2.17,1.0214314574273804
FirstFit[p=0.3],3,800,100,2.15,1.0191227164140297
FirstFit[p=0.3],3,900,100,2.203333333333333,0.9659710140578753
FirstFit[p=0.3],3,1000,100,2.35,1.1346805717910218
FirstFit[p=0.3],4,50,100,2.0125,0.4546633369868303
FirstFit[p=0.3],4,100,100,2.3975,0.7509119455701847
FirstFit[p=0.3],4,150,100,2.5575,0.9771482743166464
FirstFit[p=0.3],4,200,100,2.8175,1.1307381438688624
FirstFit[p=0.3],4,300,100,2.7975,1.1020974321719472
FirstFit[p=0.3],4,400,100,3.045,1.2416621923856745
FirstFit[p=0.3],4,500,100,2.795,1.187634202942977
FirstFit[p=0.3],4,600,100,2.9625,1.2636133704579102
FirstFit[p=0.3],4,700,100,3.1075,1.6352580071658418
FirstFit[p=0.3],4,800,100,3.0175,1.2734083202178317
FirstFit[p=0.3],4,900,100,2.9825,1.2802612038174086
FirstFit[p=0.3],4,1000,100,3.08,1.4670889543582557
CBIP[p=0.3],2,50,100,1.35,0.3570714214271425
CBIP[p=0.3],2,100,100,1.4,0.406201920231798
CBIP[p=0.3],2,150,100,1.325,0.3491060010942235
CBIP[p=0.3],2,200,100,1.295,0.33237779709240506
CBIP[p=0.3],2,300,100,1.375,0.3191786333700926
CBIP[p=0.3],2,400,100,1.4,0.3391164991562634
CBIP[p=0.3],2,500,100,1.33,0.36891733491393436
CBIP[p=0.3],2,600,100,1.355,0.333878720495931
CBIP[p=0.3],2,700,100,1.405,0.3787809393303734
CBIP[p=0.3],2,800,100,1.315,0.33656351555092834
CBIP[p=0.3],2,900,100,1.335,0.33952172242729917
CBIP[p=0.3],2,1000,100,1.41,0.39610604640676716
FirstFit(HeuristicDegree)[p=0.3],2,50,100,1.025,0.12990381056766578
FirstFit(HeuristicDegree)[p=0.3],2,100,100,1.015,0.11079259903080169
FirstFit(HeuristicDegree)[p=0.3],2,150,100,1.075,0.20463381929681124
FirstFit(HeuristicDegree)[p=0.3],2,200,100,1.04,0.16852299546352717
FirstFit(HeuristicDegree)[p=0.3],2,300,100,1.075,0.20463381929681124
FirstFit(HeuristicDegree)[p=0.3],2,400,100,1.1,0.3
FirstFit(HeuristicDegree)[p=0.3],2,500,100,1.045,0.14309088021254185
FirstFit(HeuristicDegree)[p=0.3],2,600,100,1.075,0.248746859276655
FirstFit(HeuristicDegree)[p=0.3],2,700,100,1.045,0.1745709025009609
FirstFit(HeuristicDegree)[p=0.3],2,800,100,1.12,0.3009983388658482
FirstFit(HeuristicDegree)[p=0.3],2,900,100,1.08,0.2420743687382041
FirstFit(HeuristicDegree)[p=0.3],2,1000,100,1.05,0.21794494717703367
FirstFit(HeuristicDegree)[p=0.3],3,50,100,1.1166666666666667,0.2881936077631764
FirstFit(HeuristicDegree)[p=0.3],3,100,100,1.2333333333333334,0.32489314482696546
FirstFit(HeuristicDegree)[p=0.3],3,150,100,1.24,0.4644710252893428
FirstFit(HeuristicDegree)[p=0.3],3,200,100,1.1766666666666667,0.30715540764317406
FirstFit(HeuristicDegree)[p=0.3],3,300,100,1.1966666666666668,0.33696356545544276
FirstFit(HeuristicDegree)[p=0.3],3,400,100,1.21,0.3288194371113457
FirstFit(HeuristicDegree)[p=0.3],3,500,100,1.27,0.43383304520415583
FirstFit(HeuristicDegree)[p=0.3],3,600,100,1.2333333333333334,0.4176654695380556
FirstFit(HeuristicDegree)[p=0.3],3,700,100,1.1866666666666668,0.27211108842611403
FirstFit(HeuristicDegree)[p=0.3],3,800,100,1.2,0.34318767136623335
FirstFit(HeuristicDegree)[p=0.3],3,900,100,1.3066666666666666,0.45136829012828683
FirstFit(HeuristicDegree)[p=0.3],3,1000,100,1.2233333333333334,0.32678569260126566
FirstFit(HeuristicDegree)[p=0.3],4,50,100,1.375,0.375
FirstFit(HeuristicDegree)[p=0.3],4,100,100,1.3825,0.5273222449318823
FirstFit(HeuristicDegree)[p=0.3],4,150,100,1.435,0.5685727745856286
FirstFit(HeuristicDegree)[p=0.3],4,200,100,1.4825,0.598179529907201
FirstFit(HeuristicDegree)[p=0.3],4,300,100,1.545,0.5951680434969606
FirstFit(HeuristicDegree)[p=0.3],4,400,100,1.515,0.5829022216461351
FirstFit(HeuristicDegree)[p=0.3],4,500,100,1.5025,0.6407954041657914
FirstFit(HeuristicDegree)[p=0.3],4,600,100,1.4875,0.5694020986965187
FirstFit(HeuristicDegree)[p=0.3],4,700,100,1.68,0.820121942152507
FirstFit(HeuristicDegree)[p=0.3],4,800,100,1.5875,0.6117342151621078
FirstFit(HeuristicDegree)[p=0.3],4,900,100,1.5525,0.5271325734575696
FirstFit(HeuristicDegree)[p=0.3],4,1000,100,1.645,0.6956831175183138
FirstFitBatch(size=10)[p=0.05],2,50,100,2.04,0.3056141357987225
FirstFitBatch(size=10)[p=0.05],2,100,100,2.515,0.4327528162819972
FirstFitBatch(size=10)[p=0.05],2,150,100,2.795,0.5342986056504359
FirstFitBatch(size=10)[p=0.05],2,200,100,3.245,0.5361669516111562
FirstFitBatch(size=10)[p=0.05],2,300,100,3.7,0.7713624310270756
FirstFitBatch(size=10)[p=0.05],2,400,100,4.16,0.6923871749245505
FirstFitBatch(size=10)[p=0.05],2,500,100,4.26,0.9525754563287887
FirstFitBatch(size=10)[p=0.05],2,600,100,4.575,0.928372231381357
FirstFitBatch(size=10)[p=0.05],2,700,100,4.7,1.1532562594670797
FirstFitBatch(size=10)[p=0.05],2,800,100,4.96,1.215894732285653
FirstFitBatch(size=10)[p=0.05],2,900,100,5.29,1.229186723000212
FirstFitBatch(size=10)[p=0.05],2,1000,100,5.15,1.2278029157808674
FirstFitBatchDegree(size=10)[p=0.05],2,50,100,1.94,0.33376638536557274
FirstFitBatchDegree(size=10)[p=0.05],2,100,100,2.47,0.473392015141785
FirstFitBatchDegree(size=10)[p=0.05],2,150,100,2.825,0.5261891294962298
FirstFitBatchDegree(size=10)[p=0.05],2,200,100,3.25,0.6062177826491071
FirstFitBatchDegree(size=10)[p=0.05],2,300,100,3.595,0.7959114272329554
FirstFitBatchDegree(size=10)[p=0.05],2,400,100,4.13,0.8905616205518853
FirstFitBatchDegree(size=10)[p=0.05],2,500,100,4.4,0.8717797887081347
FirstFitBatchDegree(size=10)[p=0.05],2,600,100,4.54,0.9738583059151881
FirstFitBatchDegree(size=10)[p=0.05],2,700,100,4.795,1.138189351557991
FirstFitBatchDegree(size=10)[p=0.05],2,800,100,5.1,1.0816653826391969
FirstFitBatchDegree(size=10)[p=0.05],2,900,100,4.95,1.2114041439585717
FirstFitBatchDegree(size=10)[p=0.05],2,1000,100,5.08,1.320454467219525
FirstFitBatch(size=10)[p=0.05],3,50,100,1.8733333333333333,0.18726095873584184
FirstFitBatch(size=10)[p=0.05],3,100,100,2.36,0.1866666666666666
FirstFitBatch(size=10)[p=0.05],3,150,100,2.7333333333333334,0.23570226039551587
FirstFitBatch(size=10)[p=0.05],3,200,100,3.1033333333333335,0.20382454328280603
FirstFitBatch(size=10)[p=0.05],3,300,100,3.78,0.22715633383201095
FirstFitBatch(size=10)[p=0.05],3,400,100,4.3133333333333335,0.2530700386146975
FirstFitBatch(size=10)[p=0.05],3,500,100,4.823333333333333,0.3604164258188019
FirstFitBatch(size=10)[p=0.05],3,600,100,5.366666666666666,0.3144660377352202
FirstFitBatch(size=10)[p=0.05],3,700,100,5.72,0.3964284999284935
FirstFitBatch(size=10)[p=0.05],3,800,100,6.223333333333334,0.3973663297261106
FirstFitBatch(size=10)[p=0.05],3,900,100,6.61,0.43219080148574296
FirstFitBatch(size=10)[p=0.05],3,1000,100,6.943333333333333,0.5375975363700164
FirstFitBatchDegree(size=10)[p=0.05],3,50,100,1.8233333333333335,0.17922673411693416
FirstFitBatchDegree(size=10)[p=0.05],3,100,100,2.283333333333333,0.17240134054647668
FirstFitBatchDegree(size=10)[p=0.05],3,150,100,2.7366666666666664,0.19604421270043484
FirstFitBatchDegree(size=10)[p=0.05],3,200,100,3.1,0.19720265943665394
FirstFitBatchDegree(size=10)[p=0.05],3,300,100,3.76,0.2497999199359359
FirstFitBatchDegree(size=10)[p=0.05],3,400,100,4.383333333333333,0.2511086528886562
FirstFitBatchDegree(size=10)[p=0.05],3,500,100,4.843333333333334,0.30351642825755276
FirstFitBatchDegree(size=10)[p=0.05],3,600,100,5.326666666666666,0.3017725412735007
FirstFitBatchDegree(size=10)[p=0.05],3,700,100,5.763333333333334,0.39523551347406916
FirstFitBatchDegree(size=10)[p=0.05],3,800,100,6.27,0.36115555282084943
FirstFitBatchDegree(size=10)[p=0.05],3,900,100,6.566666666666666,0.5174724898753341
FirstFitBatchDegree(size=10)[p=0.05],3,1000,100,6.9799999999999995,0.5574146671115777
FirstFitBatch(size=10)[p=0.05],4,50,100,1.6325,0.15188400179084036
FirstFitBatch(size=10)[p=0.05],4,100,100,2.0375,0.1386317063301177
FirstFitBatch(size=10)[p=0.05],4,150,100,2.3675,0.12968712349342937
FirstFitBatch(size=10)[p=0.05],4,200,100,2.6775,0.15530212490497353
FirstFitBatch(size=10)[p=0.05],4,300,100,3.2325,0.14686303142724516
FirstFitBatch(size=10)[p=0.05],4,400,100,3.785,0.15419143945109273
FirstFitBatch(size=10)[p=0.05],4,500,100,4.235,0.16515144564913745
FirstFitBatch(size=10)[p=0.05],4,600,100,4.7075,0.18389874931602987
FirstFitBatch(size=10)[p=0.05],4,700,100,5.1175,0.16753730927766508
FirstFitBatch(size=10)[p=0.05],4,800,100,5.565,0.16054594358002322
FirstFitBatch(size=10)[p=0.05],4,900,100,5.9525,0.1926622692693097
FirstFitBatch(size=10)[p=0.05],4,1000,100,6.3625,0.20116846174288852
FirstFitBatchDegree(size=10)[p=0.05],4,50,100,1.6075,0.14686303142724516
FirstFitBatchDegree(size=10)[p=0.05],4,100,100,2.0125,0.1243734296383275
FirstFitBatchDegree(size=10)[p=0.05],4,150,100,2.3525,0.14184057952504284
FirstFitBatchDegree(size=10)[p=0.05],4,200,100,2.6775,0.1336740438529485
FirstFitBatchDegree(size=10)[p=0.05],4,300,100,3.2275,0.13736356867816155
FirstFitBatchDegree(size=10)[p=0.05],4,400,100,3.7625,0.15155444566227677
FirstFitBatchDegree(size=10)[p=0.05],4,500,100,4.225,0.16770509831248423
FirstFitBatchDegree(size=10)[p=0.05],4,600,100,4.69,0.1736375535418534
FirstFitBatchDegree(size=10)[p=0.05],4,700,100,5.1575,0.14428704030508077
FirstFitBatchDegree(size=10)[p=0.05],4,800,100,5.5375,0.2218529918662356
FirstFitBatchDegree(size=10)[p=0.05],4,900,100,6.0,0.1695582495781317
FirstFitBatchDegree(size=10)[p=0.05],4,1000,100,6.365,0.17825543469975888
FirstFitBatch(size=50)[p=0.05],2,50,100,2.04,0.3056141357987225
FirstFitBatch(size=50)[p=0.05],2,100,100,2.515,0.4327528162819972
FirstFitBatch(size=50)[p=0.05],2,150,100,2.795,0.5342986056504359
FirstFitBatch(size=50)[p=0.05],2,200,100,3.245,0.5361669516111562
FirstFitBatch(size=50)[p=0.05],2,300,100,3.7,0.7713624310270756
FirstFitBatch(size=50)[p=0.05],2,400,100,4.16,0.6923871749245505
FirstFitBatch(size=50)[p=0.05],2,500,100,4.26,0.9525754563287887
FirstFitBatch(size=50)[p=0.05],2,600,100,4.575,0.928372231381357
FirstFitBatch(size=50)[p=0.05],2,700,100,4.7,1.1532562594670797
FirstFitBatch(size=50)[p=0.05],2,800,100,4.96,1.215894732285653
FirstFitBatch(size=50)[p=0.05],2,900,100,5.29,1.229186723000212
FirstFitBatch(size=50)[p=0.05],2,1000,100,5.15,1.2278029157808674
FirstFitBatchDegree(size=50)[p=0.05],2,50,100,1.37,0.4160528812542944
FirstFitBatchDegree(size=50)[p=0.05],2,100,100,2.135,0.5824731753480155
FirstFitBatchDegree(size=50)[p=0.05],2,150,100,2.515,0.7920069444139994
FirstFitBatchDegree(size=50)[p=0.05],2,200,100,2.985,0.7760637860382353
FirstFitBatchDegree(size=50)[p=0.05],2,300,100,3.31,0.9021640649017229
FirstFitBatchDegree(size=50)[p=0.05],2,400,100,3.775,0.9858372076565177
FirstFitBatchDegree(size=50)[p=0.05],2,500,100,3.95,1.35
FirstFitBatchDegree(size=50)[p=0.05],2,600,100,4.19,1.2283729075488437
FirstFitBatchDegree(size=50)[p=0.05],2,700,100,4.3,1.489966442575134
FirstFitBatchDegree(size=50)[p=0.05],2,800,100,4.67,1.3914381049834736
FirstFitBatchDegree(size=50)[p=0.05],2,900,100,4.89,1.3830762813380901
FirstFitBatchDegree(size=50)[p=0.05],2,1000,100,4.7,1.3546217184144067
FirstFitBatch(size=50)[p=0.05],3,50,100,1.8733333333333333,0.18726095873584184
FirstFitBatch(size=50)[p=0.05],3,100,100,2.36,0.1866666666666666
FirstFitBatch(size=50)[p=0.05],3,150,100,2.7333333333333334,0.23570226039551587
FirstFitBatch(size=50)[p=0.05],3,200,100,3.1033333333333335,0.20382454328280603
FirstFitBatch(size=50)[p=0.05],3,300,100,3.78,0.22715633383201095
FirstFitBatch(size=50)[p=0.05],3,400,100,4.3133333333333335,0.2530700386146975
FirstFitBatch(size=50)[p=0.05],3,500,100,4.823333333333333,0.3604164258188019
FirstFitBatch(size=50)[p=0.05],3,600,100,5.366666666666666,0.3144660377352202
FirstFitBatch(size=50)[p=0.05],3,700,100,5.72,0.3964284999284935
FirstFitBatch(size=50)[p=0.05],3,800,100,6.223333333333334,0.3973663297261106
FirstFitBatch(size=50)[p=0.05],3,900,100,6.61,0.43219080148574296
FirstFitBatch(size=50)[p=0.05],3,1000,100,6.943333333333333,0.5375975363700164
FirstFitBatchDegree(size=50)[p=0.05],3,50,100,1.59,0.19353437822659716
FirstFitBatchDegree(size=50)[p=0.05],3,100,100,2.1633333333333336,0.21855586623714013
FirstFitBatchDegree(size=50)[p=0.05],3,150,100,2.5866666666666664,0.23151673805580444
FirstFitBatchDegree(size=50)[p=0.05],3,200,100,3.03,0.25427456726058073
FirstFitBatchDegree(size=50)[p=0.05],3,300,100,3.71,0.2567099530598687
FirstFitBatchDegree(size=50)[p=0.05],3,400,100,4.276666666666666,0.2750959428595373
FirstFitBatchDegree(size=50)[p=0.05],3,500,100,4.793333333333333,0.2973213749463701
FirstFitBatchDegree(size=50)[p=0.05],3,600,100,5.206666666666667,0.4049142570416058
FirstFitBatchDegree(size=50)[p=0.05],3,700,100,5.756666666666667,0.3491418050019218
FirstFitBatchDegree(size=50)[p=0.05],3,800,100,6.11,0.49901013127101046
FirstFitBatchDegree(size=50)[p=0.05],3,900,100,6.46,0.4516143881183986
FirstFitBatchDegree(size=50)[p=0.05],3,1000,100,6.9799999999999995,0.5329582014046171
FirstFitBatch(size=50)[p=0.05],4,50,100,1.6325,0.15188400179084036
FirstFitBatch(size=50)[p=0.05],4,100,100,2.0375,0.1386317063301177
FirstFitBatch(size=50)[p=0.05],4,150,100,2.3675,0.12968712349342937
FirstFitBatch(size=50)[p=0.05],4,200,100,2.6775,0.15530212490497353
FirstFitBatch(size=50)[p=0.05],4,300,100,3.2325,0.14686303142724516
FirstFitBatch(size=50)[p=0.05],4,400,100,3.785,0.15419143945109273
FirstFitBatch(size=50)[p=0.05],4,500,100,4.235,0.16515144564913745
FirstFitBatch(size=50)[p=0.05],4,600,100,4.7075,0.18389874931602987
FirstFitBatch(size=50)[p=0.05],4,700,100,5.1175,0.16753730927766508
FirstFitBatch(size=50)[p=0.05],4,800,100,5.565,0.16054594358002322
FirstFitBatch(size=50)[p=0.05],4,900,100,5.9525,0.1926622692693097
FirstFitBatch(size=50)[p=0.05],4,1000,100,6.3625,0.20116846174288852
FirstFitBatchDegree(size=50)[p=0.05],4,50,100,1.46,0.11575836902790225
FirstFitBatchDegree(size=50)[p=0.05],4,100,100,1.885,0.1388344337691482
FirstFitBatchDegree(size=50)[p=0.05],4,150,100,2.285,0.1370218960604472
FirstFitBatchDegree(size=50)[p=0.05],4,200,100,2.5975,0.1409565535901045
FirstFitBatchDegree(size=50)[p=0.05],4,300,100,3.195,0.135
FirstFitBatchDegree(size=50)[p=0.05],4,400,100,3.715,0.16209565077447327
FirstFitBatchDegree(size=50)[p=0.05],4,500,100,4.175,0.1713913650100261
FirstFitBatchDegree(size=50)[p=0.05],4,600,100,4.66,0.1521512405470294
FirstFitBatchDegree(size=50)[p=0.05],4,700,100,5.1125,0.1595893166850463
FirstFitBatchDegree(size=50)[p=0.05],4,800,100,5.505,0.17670597047072292
FirstFitBatchDegree(size=50)[p=0.05],4,900,100,5.905,0.1896707673839066
FirstFitBatchDegree(size=50)[p=0.05],4,1000,100,6.305,0.18567444627627142
FirstFitBatch(size=10)[p=0.1],2,50,100,2.11,0.5548873759602033
FirstFitBatch(size=10)[p=0.1],2,100,100,2.51,0.7968061244744545
FirstFitBatch(size=10)[p=0.1],2,150,100,2.91,0.9601562372864116
FirstFitBatch(size=10)[p=0.1],2,200,100,2.89,1.047807234180028
FirstFitBatch(size=10)[p=0.1],2,300,100,3.14,1.1069778678907722
FirstFitBatch(size=10)[p=0.1],2,400,100,3.37,1.4064494303031303
FirstFitBatch(size=10)[p=0.1],2,500,100,3.655,1.548701068637844
FirstFitBatch(size=10)[p=0.1],2,600,100,3.565,1.5389200758973807
FirstFitBatch(size=10)[p=0.1],2,700,100,3.365,1.6835305165039331
FirstFitBatch(size=10)[p=0.1],2,800,100,3.88,1.8001666589513317
FirstFitBatch(size=10)[p=0.1],2,900,100,4.02,1.8707217858356169
FirstFitBatch(size=10)[p=0.1],2,1000,100,3.6,1.711724276862369
FirstFitBatchDegree(size=10)[p=0.1],2,50,100,1.925,0.5494315243958978
FirstFitBatchDegree(size=10)[p=0.1],2,100,100,2.495,0.7365290218314551
FirstFitBatchDegree(size=10)[p=0.1],2,150,100,2.625,0.9908960591303206
FirstFitBatchDegree(size=10)[p=0.1],2,200,100,2.87,1.0407209039891532
FirstFitBatchDegree(size=10)[p=0.1],2,300,100,3.06,1.2212288892750613
FirstFitBatchDegree(size=10)[p=0.1],2,400,100,3.3,1.407124727947029
FirstFitBatchDegree(size=10)[p=0.1],2,500,100,3.485,1.6053893608716858
FirstFitBatchDegree(size=10)[p=0.1],2,600,100,3.075,1.4271912976192085
FirstFitBatchDegree(size=10)[p=0.1],2,700,100,3.35,1.7036725037400822
FirstFitBatchDegree(size=10)[p=0.1],2,800,100,3.865,1.7100511688250735
FirstFitBatchDegree(size=10)[p=0.1],2,900,100,3.88,1.928885688681421
FirstFitBatchDegree(size=10)[p=0.1],2,1000,100,3.595,1.8202953057127846
FirstFitBatch(size=10)[p=0.1],3,50,100,2.08,0.2910517327059077
FirstFitBatch(size=10)[p=0.1],3,100,100,2.86,0.29128069699937975
FirstFitBatch(size=10)[p=0.1],3,150,100,3.22,0.4502345067974145
FirstFitBatch(size=10)[p=0.1],3,200,100,3.77,0.48003472096644556
FirstFitBatch(size=10)[p=0.1],3,300,100,4.543333333333333,0.650905352396013
FirstFitBatch(size=10)[p=0.1],3,400,100,5.006666666666667,0.7943970459830945
FirstFitBatch(size=10)[p=0.1],3,500,100,5.67,0.887562204392834
FirstFitBatch(size=10)[p=0.1],3,600,100,5.8966666666666665,1.0140074512108435
FirstFitBatch(size=10)[p=0.1],3,700,100,6.576666666666666,1.128277940540854
FirstFitBatch(size=10)[p=0.1],3,800,100,6.61,1.2754563453481615
FirstFitBatch(size=10)[p=0.1],3,900,100,7.15,1.5877132402714709
FirstFitBatch(size=10)[p=0.1],3,1000,100,7.433333333333334,1.393237636267091
FirstFitBatchDegree(size=10)[p=0.1],3,50,100,2.0933333333333333,0.23607908279501036
FirstFitBatchDegree(size=10)[p=0.1],3,100,100,2.7466666666666666,0.32013885876114584
FirstFitBatchDegree(size=10)[p=0.1],3,150,100,3.27,0.4659399102888697
FirstFitBatchDegree(size=10)[p=0.1],3,200,100,3.78,0.5168709273653873
FirstFitBatchDegree(size=10)[p=0.1],3,300,100,4.336666666666667,0.7187875594051107
FirstFitBatchDegree(size=10)[p=0.1],3,400,100,5.0,0.7731609003162134
FirstFitBatchDegree(size=10)[p=0.1],3,500,100,5.56,1.056072388091313
FirstFitBatchDegree(size=10)[p=0.1],3,600,100,6.07,1.0135690515313804
FirstFitBatchDegree(size=10)[p=0.1],3,700,100,6.463333333333333,1.128317331250389
FirstFitBatchDegree(size=10)[p=0.1],3,800,100,6.57,1.3534277471171732
FirstFitBatchDegree(size=10)[p=0.1],3,900,100,7.123333333333333,1.4123699546821609
FirstFitBatchDegree(size=10)[p=0.1],3,1000,100,7.316666666666666,1.4954560805616757
FirstFitBatch(size=10)[p=0.1],4,50,100,1.875,0.1520690632574555
FirstFitBatch(size=10)[p=0.1],4,100,100,2.465,0.187149672722129
FirstFitBatch(size=10)[p=0.1],4,150,100,3.0325,0.21405314760591584
FirstFitBatch(size=10)[p=0.1],4,200,100,3.5175,0.2351993835025934
FirstFitBatch(size=10)[p=0.1],4,300,100,4.35,0.32015621187164245
FirstFitBatch(size=10)[p=0.1],4,400,100,5.1275,0.324990384473141
FirstFitBatch(size=10)[p=0.1],4,500,100,5.78,0.4187481343242021
FirstFitBatch(size=10)[p=0.1],4,600,100,6.4275,0.35758740190336685
FirstFitBatch(size=10)[p=0.1],4,700,100,6.98,0.6161168720299746
FirstFitBatch(size=10)[p=0.1],4,800,100,7.5,0.5196152422706631
FirstFitBatch(size=10)[p=0.1],4,900,100,7.9525,0.70417948706278
FirstFitBatch(size=10)[p=0.1],4,1000,100,8.465,0.8015765715139135
FirstFitBatchDegree(size=10)[p=0.1],4,50,100,1.84,0.16015617378046967
FirstFitBatchDegree(size=10)[p=0.1],4,100,100,2.4725,0.1900493356999703
FirstFitBatchDegree(size=10)[p=0.1],4,150,100,3.01,0.1997498435543818
FirstFitBatchDegree(size=10)[p=0.1],4,200,100,3.505,0.215
FirstFitBatchDegree(size=10)[p=0.1],4,300,100,4.3725,0.28393441144038883
FirstFitBatchDegree(size=10)[p=0.1],4,400,100,5.155,0.3036856927812043
FirstFitBatchDegree(size=10)[p=0.1],4,500,100,5.745,0.43298383341644525
FirstFitBatchDegree(size=10)[p=0.1],4,600,100,6.3425,0.4945389266781736
FirstFitBatchDegree(size=10)[p=0.1],4,700,100,6.8425,0.5369532102520665
FirstFitBatchDegree(size=10)[p=0.1],4,800,100,7.45,0.7754031209635411
FirstFitBatchDegree(size=10)[p=0.1],4,900,100,8.01,0.6999285677838847
FirstFitBatchDegree(size=10)[p=0.1],4,1000,100,8.48,0.906697303403953
FirstFitBatch(size=50)[p=0.1],2,50,100,2.11,0.5548873759602033
FirstFitBatch(size=50)[p=0.1],2,100,100,2.51,0.7968061244744545
FirstFitBatch(size=50)[p=0.1],2,150,100,2.91,0.9601562372864116
FirstFitBatch(size=50)[p=0.1],2,200,100,2.89,1.047807234180028
FirstFitBatch(size=50)[p=0.1],2,300,100,3.14,1.1069778678907722
FirstFitBatch(size=50)[p=0.1],2,400,100,3.37,1.4064494303031303
FirstFitBatch(size=50)[p=0.1],2,500,100,3.655,1.548701068637844
FirstFitBatch(size=50)[p=0.1],2,600,100,3.565,1.5389200758973807
FirstFitBatch(size=50)[p=0.1],2,700,100,3.365,1.6835305165039331
FirstFitBatch(size=50)[p=0.1],2,800,100,3.88,1.8001666589513317
FirstFitBatch(size=50)[p=0.1],2,900,100,4.02,1.8707217858356169
FirstFitBatch(size=50)[p=0.1],2,1000,100,3.6,1.711724276862369
FirstFitBatchDegree(size=50)[p=0.1],2,50,100,1.35,0.507444578254611
FirstFitBatchDegree(size=50)[p=0.1],2,100,100,1.785,0.8522176951929595
FirstFitBatchDegree(size=50)[p=0.1],2,150,100,1.96,0.9451983918733675
FirstFitBatchDegree(size=50)[p=0.1],2,200,100,2.055,1.1177991769544295
FirstFitBatchDegree(size=50)[p=0.1],2,300,100,2.495,1.3067038685180357
FirstFitBatchDegree(size=50)[p=0.1],2,400,100,2.59,1.4515164484083534
FirstFitBatchDegree(size=50)[p=0.1],2,500,100,2.635,1.5343646893747263
FirstFitBatchDegree(size=50)[p=0.1],2,600,100,2.695,1.5618818777359573
FirstFitBatchDegree(size=50)[p=0.1],2,700,100,3.175,1.75695048308141
FirstFitBatchDegree(size=50)[p=0.1],2,800,100,2.925,1.6678953804120928
FirstFitBatchDegree(size=50)[p=0.1],2,900,100,2.95,1.7471405209656148
FirstFitBatchDegree(size=50)[p=0.1],2,1000,100,3.23,1.9344508264621254
FirstFitBatch(size=50)[p=0.1],3,50,100,2.08,0.2910517327059077
FirstFitBatch(size=50)[p=0.1],3,100,100,2.86,0.29128069699937975
FirstFitBatch(size=50)[p=0.1],3,150,100,3.22,0.4502345067974145
FirstFitBatch(size=50)[p=0.1],3,200,100,3.77,0.48003472096644556
FirstFitBatch(size=50)[p=0.1],3,300,100,4.543333333333333,0.650905352396013
FirstFitBatch(size=50)[p=0.1],3,400,100,5.006666666666667,0.7943970459830945
FirstFitBatch(size=50)[p=0.1],3,500,100,5.67,0.887562204392834
FirstFitBatch(size=50)[p=0.1],3,600,100,5.8966666666666665,1.0140074512108435
FirstFitBatch(size=50)[p=0.1],3,700,100,6.576666666666666,1.128277940540854
FirstFitBatch(size=50)[p=0.1],3,800,100,6.61,1.2754563453481615
FirstFitBatch(size=50)[p=0.1],3,900,100,7.15,1.5877132402714709
FirstFitBatch(size=50)[p=0.1],3,1000,100,7.433333333333334,1.393237636267091
FirstFitBatchDegree(size=50)[p=0.1],3,50,100,1.68,0.4025474437186808
FirstFitBatchDegree(size=50)[p=0.1],3,100,100,2.48,0.46742795047888275
FirstFitBatchDegree(size=50)[p=0.1],3,150,100,3.0033333333333334,0.5153100469081158
FirstFitBatchDegree(size=50)[p=0.1],3,200,100,3.526666666666667,0.6979016167531542
FirstFitBatchDegree(size=50)[p=0.1],3,300,100,4.416666666666667,0.6555320146432378
FirstFitBatchDegree(size=50)[p=0.1],3,400,100,4.78,1.1364858116140297
FirstFitBatchDegree(size=50)[p=0.1],3,500,100,5.33,1.0148836824429137
FirstFitBatchDegree(size=50)[p=0.1],3,600,100,5.593333333333334,1.4395832730342486
FirstFitBatchDegree(size=50)[p=0.1],3,700,100,6.04,1.328558115652705
FirstFitBatchDegree(size=50)[p=0.1],3,800,100,6.486666666666666,1.2652799426740842
FirstFitBatchDegree(size=50)[p=0.1],3,900,100,6.6866666666666665,1.669876908304588
FirstFitBatchDegree(size=50)[p=0.1],3,1000,100,7.08,1.574180562846729
FirstFitBatch(size=50)[p=0.1],4,50,100,1.875,0.1520690632574555
FirstFitBatch(size=50)[p=0.1],4,100,100,2.465,0.187149672722129
FirstFitBatch(size=50)[p=0.1],4,150,100,3.0325,0.21405314760591584
FirstFitBatch(size=50)[p=0.1],4,200,100,3.5175,0.2351993835025934
FirstFitBatch(size=50)[p=0.1],4,300,100,4.35,0.32015621187164245
FirstFitBatch(size=50)[p=0.1],4,400,100,5.1275,0.324990384473141
FirstFitBatch(size=50)[p=0.1],4,500,100,5.78,0.4187481343242021
FirstFitBatch(size=50)[p=0.1],4,600,100,6.4275,0.35758740190336685
FirstFitBatch(size=50)[p=0.1],4,700,100,6.98,0.6161168720299746
FirstFitBatch(size=50)[p=0.1],4,800,100,7.5,0.5196152422706631
FirstFitBatch(size=50)[p=0.1],4,900,100,7.9525,0.70417948706278
FirstFitBatch(size=50)[p=0.1],4,1000,100,8.465,0.8015765715139135
FirstFitBatchDegree(size=50)[p=0.1],4,50,100,1.6475,0.18739997331910163
FirstFitBatchDegree(size=50)[p=0.1],4,100,100,2.3225,0.19459894655418872
FirstFitBatchDegree(size=50)[p=0.1],4,150,100,2.8825,0.18525320510047863
FirstFitBatchDegree(size=50)[p=0.1],4,200,100,3.405,0.19293781381574737
FirstFitBatchDegree(size=50)[p=0.1],4,300,100,4.305,0.24894778569009204
FirstFitBatchDegree(size=50)[p=0.1],4,400,100,5.0225,0.31641547054466224
FirstFitBatchDegree(size=50)[p=0.1],4,500,100,5.74,0.4241462012089699
FirstFitBatchDegree(size=50)[p=0.1],4,600,100,6.4175,0.4664426545675256
FirstFitBatchDegree(size=50)[p=0.1],4,700,100,6.885,0.5378429138698398
FirstFitBatchDegree(size=50)[p=0.1],4,800,100,7.4025,0.6392329387633275
FirstFitBatchDegree(size=50)[p=0.1],4,900,100,8.0375,0.6367642813475015
FirstFitBatchDegree(size=50)[p=0.1],4,1000,100,8.32,0.8389576866564845
FirstFitBatch(size=10)[p=0.2],2,50,100,1.715,0.6973342096871485
FirstFitBatch(size=10)[p=0.2],2,100,100,1.975,0.8613216588476108
FirstFitBatch(size=10)[p=0.2],2,150,100,1.945,0.8333516664650045
FirstFitBatch(size=10)[p=0.2],2,200,100,2.115,1.095114149301341
FirstFitBatch(size=10)[p=0.2],2,300,100,1.995,0.9937177667728397
FirstFitBatch(size=10)[p=0.2],2,400,100,1.97,0.9970456358662827
FirstFitBatch(size=10)[p=0.2],2,500,100,2.14,1.0795369377654476
FirstFitBatch(size=10)[p=0.2],2,600,100,2.115,1.0673682588497748
FirstFitBatch(size=10)[p=0.2],2,700,100,2.185,1.0598466870260057
FirstFitBatch(size=10)[p=0.2],2,800,100,2.225,1.2636751956100112
FirstFitBatch(size=10)[p=0.2],2,900,100,2.045,1.1897373659762056
FirstFitBatch(size=10)[p=0.2],2,1000,100,1.965,1.0228758477938562
FirstFitBatchDegree(size=10)[p=0.2],2,50,100,1.52,0.5784461945591828
FirstFitBatchDegree(size=10)[p=0.2],2,100,100,1.785,0.8522176951929595
FirstFitBatchDegree(size=10)[p=0.2],2,150,100,1.745,0.8985961273008025
FirstFitBatchDegree(size=10)[p=0.2],2,200,100,1.78,0.7527283706623525
FirstFitBatchDegree(size=10)[p=0.2],2,300,100,1.79,0.8694250974063263
FirstFitBatchDegree(size=10)[p=0.2],2,400,100,1.82,0.8646386528486915
FirstFitBatchDegree(size=10)[p=0.2],2,500,100,1.625,0.7628073151196179
FirstFitBatchDegree(size=10)[p=0.2],2,600,100,1.77,0.8983874442577656
FirstFitBatchDegree(size=10)[p=0.2],2,700,100,2.0,1.0816653826391969
FirstFitBatchDegree(size=10)[p=0.2],2,800,100,1.885,1.031637048578617
FirstFitBatchDegree(size=10)[p=0.2],2,900,100,1.695,0.7996718076811261
FirstFitBatchDegree(size=10)[p=0.2],2,1000,100,1.93,1.2510395677195825
FirstFitBatch(size=10)[p=0.2],3,50,100,2.16,0.5152777029050559
FirstFitBatch(size=10)[p=0.2],3,100,100,2.6866666666666665,0.8052880781986586
FirstFitBatch(size=10)[p=0.2],3,150,100,2.98,1.068560818214023
FirstFitBatch(size=10)[p=0.2],3,200,100,3.15,1.240407639089308
FirstFitBatch(size=10)[p=0.2],3,300,100,3.4466666666666668,1.2483055181591831
FirstFitBatch(size=10)[p=0.2],3,400,100,3.7333333333333334,1.5951314818673865
FirstFitBatch(size=10)[p=0.2],3,500,100,3.8733333333333335,1.8896090130559342
FirstFitBatch(size=10)[p=0.2],3,600,100,3.973333333333333,1.8783444246936656
FirstFitBatch(size=10)[p=0.2],3,700,100,3.716666666666667,1.9744900888865236
FirstFitBatch(size=10)[p=0.2],3,800,100,3.73,1.7642719619025735
FirstFitBatch(size=10)[p=0.2],3,900,100,4.016666666666667,1.9022647321314432
FirstFitBatch(size=10)[p=0.2],3,1000,100,3.6866666666666665,1.8955034511531055
FirstFitBatchDegree(size=10)[p=0.2],3,50,100,2.07,0.577917718095655
FirstFitBatchDegree(size=10)[p=0.2],3,100,100,2.586666666666667,0.8341595903795761
FirstFitBatchDegree(size=10)[p=0.2],3,150,100,2.8766666666666665,0.944757464467292
FirstFitBatchDegree(size=10)[p=0.2],3,200,100,3.1433333333333335,1.26425647890151
FirstFitBatchDegree(size=10)[p=0.2],3,300,100,3.243333333333333,1.4597221957923667
FirstFitBatchDegree(size=10)[p=0.2],3,400,100,3.4266666666666667,1.55925908331133
FirstFitBatchDegree(size=10)[p=0.2],3,500,100,3.736666666666667,1.7083422763993559
FirstFitBatchDegree(size=10)[p=0.2],3,600,100,3.8333333333333335,1.9180429841087736
FirstFitBatchDegree(size=10)[p=0.2],3,700,100,3.4033333333333333,1.677494825294221
FirstFitBatchDegree(size=10)[p=0.2],3,800,100,3.62,1.7732706755847762
FirstFitBatchDegree(size=10)[p=0.2],3,900,100,3.816666666666667,1.9197077323847445
FirstFitBatchDegree(size=10)[p=0.2],3,1000,100,3.9833333333333334,2.246664193866097
FirstFitBatch(size=10)[p=0.2],4,50,100,2.17,0.3159905061864992
FirstFitBatch(size=10)[p=0.2],4,100,100,2.7125,0.5295930041078715
FirstFitBatch(size=10)[p=0.2],4,150,100,3.375,0.6722164829874376
FirstFitBatch(size=10)[p=0.2],4,200,100,3.73,1.017152889196113
FirstFitBatch(size=10)[p=0.2],4,300,100,4.5925,1.1366920207338485
FirstFitBatch(size=10)[p=0.2],4,400,100,4.755,1.471810110034579
FirstFitBatch(size=10)[p=0.2],4,500,100,5.4575,1.6190487176116721
FirstFitBatch(size=10)[p=0.2],4,600,100,5.88,1.7619165701020012
FirstFitBatch(size=10)[p=0.2],4,700,100,5.89,1.796635744941083
FirstFitBatch(size=10)[p=0.2],4,800,100,5.855,1.9287884798494623
FirstFitBatch(size=10)[p=0.2],4,900,100,5.8325,2.4960105668846837
FirstFitBatch(size=10)[p=0.2],4,1000,100,5.895,2.2531034152918945
FirstFitBatchDegree(size=10)[p=0.2],4,50,100,2.0725,0.3378146681244022
FirstFitBatchDegree(size=10)[p=0.2],4,100,100,2.7425,0.4942861013623588
FirstFitBatchDegree(size=10)[p=0.2],4,150,100,3.42,0.6508456038109192
FirstFitBatchDegree(size=10)[p=0.2],4,200,100,3.72,0.8575255098246349
FirstFitBatchDegree(size=10)[p=0.2],4,300,100,4.6425,1.0435845677279825
FirstFitBatchDegree(size=10)[p=0.2],4,400,100,4.6775,1.508018153073762
FirstFitBatchDegree(size=10)[p=0.2],4,500,100,5.1125,1.6402648414204335
FirstFitBatchDegree(size=10)[p=0.2],4,600,100,5.25,1.8428917493982113
FirstFitBatchDegree(size=10)[p=0.2],4,700,100,5.515,1.8377363793536874
FirstFitBatchDegree(size=10)[p=0.2],4,800,100,6.3225,2.0476495671867294
FirstFitBatchDegree(size=10)[p=0.2],4,900,100,6.4525,2.0303001625375496
FirstFitBatchDegree(size=10)[p=0.2],4,1000,100,5.8075,2.2253805854280295
FirstFitBatch(size=50)[p=0.2],2,50,100,1.715,0.6973342096871485
FirstFitBatch(size=50)[p=0.2],2,100,100,1.975,0.8613216588476108
FirstFitBatch(size=50)[p=0.2],2,150,100,1.945,0.8333516664650045
FirstFitBatch(size=50)[p=0.2],2,200,100,2.115,1.095114149301341
FirstFitBatch(size=50)[p=0.2],2,300,100,1.995,0.9937177667728397
FirstFitBatch(size=50)[p=0.2],2,400,100,1.97,0.9970456358662827
FirstFitBatch(size=50)[p=0.2],2,500,100,2.14,1.0795369377654476
FirstFitBatch(size=50)[p=0.2],2,600,100,2.115,1.0673682588497748
FirstFitBatch(size=50)[p=0.2],2,700,100,2.185,1.0598466870260057
FirstFitBatch(size=50)[p=0.2],2,800,100,2.225,1.2636751956100112
FirstFitBatch(size=50)[p=0.2],2,900,100,2.045,1.1897373659762056
FirstFitBatch(size=50)[p=0.2],2,1000,100,1.965,1.0228758477938562
FirstFitBatchDegree(size=50)[p=0.2],2,50,100,1.065,0.2080264406271472
FirstFitBatchDegree(size=50)[p=0.2],2,100,100,1.165,0.3940494892776794
FirstFitBatchDegree(size=50)[p=0.2],2,150,100,1.335,0.6930187587648692
FirstFitBatchDegree(size=50)[p=0.2],2,200,100,1.3,0.6244997998398398
FirstFitBatchDegree(size=50)[p=0.2],2,300,100,1.45,0.6763874629234341
FirstFitBatchDegree(size=50)[p=0.2],2,400,100,1.44,0.8464041587799531
FirstFitBatchDegree(size=50)[p=0.2],2,500,100,1.595,0.9399335082866235
FirstFitBatchDegree(size=50)[p=0.2],2,600,100,1.4,0.6855654600401044
FirstFitBatchDegree(size=50)[p=0.2],2,700,100,1.45,0.7262919523166975
FirstFitBatchDegree(size=50)[p=0.2],2,800,100,1.385,0.7511824012848012
FirstFitBatchDegree(size=50)[p=0.2],2,900,100,1.65,0.9810708435174291
FirstFitBatchDegree(size=50)[p=0.2],2,1000,100,1.48,0.7379701890998037
FirstFitBatch(size=50)[p=0.2],3,50,100,2.16,0.5152777029050559
FirstFitBatch(size=50)[p=0.2],3,100,100,2.6866666666666665,0.8052880781986586
FirstFitBatch(size=50)[p=0.2],3,150,100,2.98,1.068560818214023
FirstFitBatch(size=50)[p=0.2],3,200,100,3.15,1.240407639089308
FirstFitBatch(size=50)[p=0.2],3,300,100,3.4466666666666668,1.2483055181591831
FirstFitBatch(size=50)[p=0.2],3,400,100,3.7333333333333334,1.5951314818673865
FirstFitBatch(size=50)[p=0.2],3,500,100,3.8733333333333335,1.8896090130559342
FirstFitBatch(size=50)[p=0.2],3,600,100,3.973333333333333,1.8783444246936656
FirstFitBatch(size=50)[p=0.2],3,700,100,3.716666666666667,1.9744900888865236
FirstFitBatch(size=50)[p=0.2],3,800,100,3.73,1.7642719619025735
FirstFitBatch(size=50)[p=0.2],3,900,100,4.016666666666667,1.9022647321314432
FirstFitBatch(size=50)[p=0.2],3,1000,100,3.6866666666666665,1.8955034511531055
FirstFitBatchDegree(size=50)[p=0.2],3,50,100,1.3833333333333333,0.51720402163943
FirstFitBatchDegree(size=50)[p=0.2],3,100,100,1.8066666666666666,0.7988602992875399
FirstFitBatchDegree(size=50)[p=0.2],3,150,100,2.0366666666666666,0.9450396817065408
FirstFitBatchDegree(size=50)[p=0.2],3,200,100,2.3066666666666666,1.1715896133980628
FirstFitBatchDegree(size=50)[p=0.2],3,300,100,2.6066666666666665,1.5722453865588397
FirstFitBatchDegree(size=50)[p=0.2],3,400,100,2.586666666666667,1.408797753799711
FirstFitBatchDegree(size=50)[p=0.2],3,500,100,2.9066666666666667,1.7569417874376045
FirstFitBatchDegree(size=50)[p=0.2],3,600,100,3.1,1.6993462795374514
FirstFitBatchDegree(size=50)[p=0.2],3,700,100,2.8033333333333332,1.6667299987967124
FirstFitBatchDegree(size=50)[p=0.2],3,800,100,3.3266666666666667,2.1181648241395714
FirstFitBatchDegree(size=50)[p=0.2],3,900,100,3.27,1.8736150440614352
FirstFitBatchDegree(size=50)[p=0.2],3,1000,100,2.94,1.7921929459618893
FirstFitBatch(size=50)[p=0.2],4,50,100,2.17,0.3159905061864992
FirstFitBatch(size=50)[p=0.2],4,100,100,2.7125,0.5295930041078715
FirstFitBatch(size=50)[p=0.2],4,150,100,3.375,0.6722164829874376
FirstFitBatch(size=50)[p=0.2],4,200,100,3.73,1.017152889196113
FirstFitBatch(size=50)[p=0.2],4,300,100,4.5925,1.1366920207338485
FirstFitBatch(size=50)[p=0.2],4,400,100,4.755,1.471810110034579
FirstFitBatch(size=50)[p=0.2],4,500,100,5.4575,1.6190487176116721
FirstFitBatch(size=50)[p=0.2],4,600,100,5.88,1.7619165701020012
FirstFitBatch(size=50)[p=0.2],4,700,100,5.89,1.796635744941083
FirstFitBatch(size=50)[p=0.2],4,800,100,5.855,1.9287884798494623
FirstFitBatch(size=50)[p=0.2],4,900,100,5.8325,2.4960105668846837
FirstFitBatch(size=50)[p=0.2],4,1000,100,5.895,2.2531034152918945
FirstFitBatchDegree(size=50)[p=0.2],4,50,100,1.6175,0.39757860857948585
FirstFitBatchDegree(size=50)[p=0.2],4,100,100,2.49,0.5678027826631356
FirstFitBatchDegree(size=50)[p=0.2],4,150,100,3.1525,0.7975705297965817
FirstFitBatchDegree(size=50)[p=0.2],4,200,100,3.32,1.1280957406177898
FirstFitBatchDegree(size=50)[p=0.2],4,300,100,4.0575,1.156965319272795
FirstFitBatchDegree(size=50)[p=0.2],4,400,100,4.32,1.5411359446849586
FirstFitBatchDegree(size=50)[p=0.2],4,500,100,4.9475,1.9330335615296492
FirstFitBatchDegree(size=50)[p=0.2],4,600,100,5.3425,2.0148371522284374
FirstFitBatchDegree(size=50)[p=0.2],4,700,100,5.3225,2.0050857213595634
FirstFitBatchDegree(size=50)[p=0.2],4,800,100,5.6475,2.3307978784098804
FirstFitBatchDegree(size=50)[p=0.2],4,900,100,5.895,2.3276006959957716
FirstFitBatchDegree(size=50)[p=0.2],4,1000,100,6.4125,2.3477049963741186
FirstFitBatch(size=10)[p=0.3],2,50,100,1.43,0.49
FirstFitBatch(size=10)[p=0.3],2,100,100,1.61,0.7502666192761077
FirstFitBatch(size=10)[p=0.3],2,150,100,1.455,0.5705041629997103
FirstFitBatch(size=10)[p=0.3],2,200,100,1.435,0.5858967485828881
FirstFitBatch(size=10)[p=0.3],2,300,100,1.49,0.5655970296951709
FirstFitBatch(size=10)[p=0.3],2,400,100,1.6,0.6819090848492928
FirstFitBatch(size=10)[p=0.3],2,500,100,1.47,0.5823229344616268
FirstFitBatch(size=10)[p=0.3],2,600,100,1.465,0.49119751628036556
FirstFitBatch(size=10)[p=0.3],2,700,100,1.515,0.5452293095569973
FirstFitBatch(size=10)[p=0.3],2,800,100,1.53,0.6849087530467106
FirstFitBatch(size=10)[p=0.3],2,900,100,1.505,0.6383376849285964
FirstFitBatch(size=10)[p=0.3],2,1000,100,1.64,0.7418894796396563
FirstFitBatchDegree(size=10)[p=0.3],2,50,100,1.305,0.4521891197275759
FirstFitBatchDegree(size=10)[p=0.3],2,100,100,1.255,0.43298383341644525
FirstFitBatchDegree(size=10)[p=0.3],2,150,100,1.39,0.6106553856308811
FirstFitBatchDegree(size=10)[p=0.3],2,200,100,1.41,0.6905794668247819
FirstFitBatchDegree(size=10)[p=0.3],2,300,100,1.35,0.51720402163943
FirstFitBatchDegree(size=10)[p=0.3],2,400,100,1.195,0.33834154341434336
FirstFitBatchDegree(size=10)[p=0.3],2,500,100,1.335,0.5918403500945166
FirstFitBatchDegree(size=10)[p=0.3],2,600,100,1.325,0.5402545696243577
FirstFitBatchDegree(size=10)[p=0.3],2,700,100,1.3,0.4847679857416329
FirstFitBatchDegree(size=10)[p=0.3],2,800,100,1.3,0.5244044240850758
FirstFitBatchDegree(size=10)[p=0.3],2,900,100,1.395,0.6296626080687975
FirstFitBatchDegree(size=10)[p=0.3],2,1000,100,1.405,0.5277073052365298
FirstFitBatch(size=10)[p=0.3],3,50,100,1.81,0.6311453433595502
FirstFitBatch(size=10)[p=0.3],3,100,100,2.07,0.937247743840087
FirstFitBatch(size=10)[p=0.3],3,150,100,2.0766666666666667,1.06024630262134
FirstFitBatch(size=10)[p=0.3],3,200,100,2.21,1.0725411155030116
FirstFitBatch(size=10)[p=0.3],3,300,100,2.17,0.9848801393514284
FirstFitBatch(size=10)[p=0.3],3,400,100,2.256666666666667,1.0518290946938311
FirstFitBatch(size=10)[p=0.3],3,500,100,2.316666666666667,1.0927793311857004
FirstFitBatch(size=10)[p=0.3],3,600,100,2.0566666666666666,0.9661550370181566
FirstFitBatch(size=10)[p=0.3],3,700,100,2.17,1.0214314574273804
FirstFitBatch(size=10)[p=0.3],3,800,100,2.15,1.0191227164140297
FirstFitBatch(size=10)[p=0.3],3,900,100,2.203333333333333,0.9659710140578753
FirstFitBatch(size=10)[p=0.3],3,1000,100,2.35,1.1346805717910218
FirstFitBatchDegree(size=10)[p=0.3],3,50,100,1.63,0.5595533933415112
FirstFitBatchDegree(size=10)[p=0.3],3,100,100,1.8366666666666667,0.7520268907721614
FirstFitBatchDegree(size=10)[p=0.3],3,150,100,1.99,0.9421665339937403
FirstFitBatchDegree(size=10)[p=0.3],3,200,100,2.0233333333333334,0.9879889787959288
FirstFitBatchDegree(size=10)[p=0.3],3,300,100,1.8966666666666667,0.7567400845439308
FirstFitBatchDegree(size=10)[p=0.3],3,400,100,2.0233333333333334,0.9778150245430995
FirstFitBatchDegree(size=10)[p=0.3],3,500,100,2.033333333333333,0.8913161304747291
FirstFitBatchDegree(size=10)[p=0.3],3,600,100,1.94,0.8836540298354579
FirstFitBatchDegree(size=10)[p=0.3],3,700,100,2.09,1.006484530984511
FirstFitBatchDegree(size=10)[p=0.3],3,800,100,1.9,0.9291573243177569
FirstFitBatchDegree(size=10)[p=0.3],3,900,100,2.1733333333333333,1.155162326255492
FirstFitBatchDegree(size=10)[p=0.3],3,1000,100,2.0966666666666667,0.937247743840087
FirstFitBatch(size=10)[p=0.3],4,50,100,2.0125,0.4546633369868303
FirstFitBatch(size=10)[p=0.3],4,100,100,2.3975,0.7509119455701847
FirstFitBatch(size=10)[p=0.3],4,150,100,2.5575,0.9771482743166464
FirstFitBatch(size=10)[p=0.3],4,200,100,2.8175,1.1307381438688624
FirstFitBatch(size=10)[p=0.3],4,300,100,2.7975,1.1020974321719472
FirstFitBatch(size=10)[p=0.3],4,400,100,3.045,1.2416621923856745
FirstFitBatch(size=10)[p=0.3],4,500,100,2.795,1.187634202942977
FirstFitBatch(size=10)[p=0.3],4,600,100,2.9625,1.2636133704579102
FirstFitBatch(size=10)[p=0.3],4,700,100,3.1075,1.6352580071658418
FirstFitBatch(size=10)[p=0.3],4,800,100,3.0175,1.2734083202178317
FirstFitBatch(size=10)[p=0.3],4,900,100,2.9825,1.2802612038174086
FirstFitBatch(size=10)[p=0.3],4,1000,100,3.08,1.4670889543582557
FirstFitBatchDegree(size=10)[p=0.3],4,50,100,1.8525,0.4900191322795468
FirstFitBatchDegree(size=10)[p=0.3],4,100,100,2.335,0.737580504080741
FirstFitBatchDegree(size=10)[p=0.3],4,150,100,2.5525,0.9748685808866752
FirstFitBatchDegree(size=10)[p=0.3],4,200,100,2.5875,1.1370878374162658
FirstFitBatchDegree(size=10)[p=0.3],4,300,100,2.79,1.1032452129966392
FirstFitBatchDegree(size=10)[p=0.3],4,400,100,2.645,1.0625323524486208
FirstFitBatchDegree(size=10)[p=0.3],4,500,100,2.9325,1.3289351940557523
FirstFitBatchDegree(size=10)[p=0.3],4,600,100,2.8575,1.2325050709834828
FirstFitBatchDegree(size=10)[p=0.3],4,700,100,2.915,1.375327233788381
FirstFitBatchDegree(size=10)[p=0.3],4,800,100,3.085,1.530612622448933
FirstFitBatchDegree(size=10)[p=0.3],4,900,100,3.025,1.5233597736582123
FirstFitBatchDegree(size=10)[p=0.3],4,1000,100,2.98,1.3396268137059664
FirstFitBatch(size=50)[p=0.3],2,50,100,1.43,0.49
FirstFitBatch(size=50)[p=0.3],2,100,100,1.61,0.7502666192761077
FirstFitBatch(size=50)[p=0.3],2,150,100,1.455,0.5705041629997103
FirstFitBatch(size=50)[p=0.3],2,200,100,1.435,0.5858967485828881
FirstFitBatch(size=50)[p=0.3],2,300,100,1.49,0.5655970296951709
FirstFitBatch(size=50)[p=0.3],2,400,100,1.6,0.6819090848492928
FirstFitBatch(size=50)[p=0.3],2,500,100,1.47,0.5823229344616268
FirstFitBatch(size=50)[p=0.3],2,600,100,1.465,0.49119751628036556
FirstFitBatch(size=50)[p=0.3],2,700,100,1.515,0.5452293095569973
FirstFitBatch(size=50)[p=0.3],2,800,100,1.53,0.6849087530467106
FirstFitBatch(size=50)[p=0.3],2,900,100,1.505,0.6383376849285964
FirstFitBatch(size=50)[p=0.3],2,1000,100,1.64,0.7418894796396563
FirstFitBatchDegree(size=50)[p=0.3],2,50,100,1.025,0.12990381056766578
FirstFitBatchDegree(size=50)[p=0.3],2,100,100,1.04,0.13564659966250536
FirstFitBatchDegree(size=50)[p=0.3],2,150,100,1.095,0.39175885439897845
FirstFitBatchDegree(size=50)[p=0.3],2,200,100,1.13,0.3132091952673165
FirstFitBatchDegree(size=50)[p=0.3],2,300,100,1.15,0.3570714214271425
FirstFitBatchDegree(size=50)[p=0.3],2,400,100,1.14,0.41880783182743847
FirstFitBatchDegree(size=50)[p=0.3],2,500,100,1.165,0.4530728418256826
FirstFitBatchDegree(size=50)[p=0.3],2,600,100,1.165,0.38765319552404054
FirstFitBatchDegree(size=50)[p=0.3],2,700,100,1.1,0.25495097567963926
FirstFitBatchDegree(size=50)[p=0.3],2,800,100,1.14,0.332264954516723
FirstFitBatchDegree(size=50)[p=0.3],2,900,100,1.155,0.34420197558991433
FirstFitBatchDegree(size=50)[p=0.3],2,1000,100,1.16,0.3072458299147443
FirstFitBatch(size=50)[p=0.3],3,50,100,1.81,0.6311453433595502
FirstFitBatch(size=50)[p=0.3],3,100,100,2.07,0.937247743840087
FirstFitBatch(size=50)[p=0.3],3,150,100,2.0766666666666667,1.06024630262134
FirstFitBatch(size=50)[p=0.3],3,200,100,2.21,1.0725411155030116
FirstFitBatch(size=50)[p=0.3],3,300,100,2.17,0.9848801393514284
FirstFitBatch(size=50)[p=0.3],3,400,100,2.256666666666667,1.0518290946938311
FirstFitBatch(size=50)[p=0.3],3,500,100,2.316666666666667,1.0927793311857004
FirstFitBatch(size=50)[p=0.3],3,600,100,2.0566666666666666,0.9661550370181566
FirstFitBatch(size=50)[p=0.3],3,700,100,2.17,1.0214314574273804
FirstFitBatch(size=50)[p=0.3],3,800,100,2.15,1.0191227164140297
FirstFitBatch(size=50)[p=0.3],3,900,100,2.203333333333333,0.9659710140578753
FirstFitBatch(size=50)[p=0.3],3,1000,100,2.35,1.1346805717910218
FirstFitBatchDegree(size=50)[p=0.3],3,50,100,1.1166666666666667,0.2881936077631764
FirstFitBatchDegree(size=50)[p=0.3],3,100,100,1.3566666666666667,0.4624932431938871
FirstFitBatchDegree(size=50)[p=0.3],3,150,100,1.4266666666666667,0.6129709074118717
FirstFitBatchDegree(size=50)[p=0.3],3,200,100,1.3133333333333332,0.4442721888412303
FirstFitBatchDegree(size=50)[p=0.3],3,300,100,1.4633333333333334,0.6829592471980545
FirstFitBatchDegree(size=50)[p=0.3],3,400,100,1.5566666666666666,0.7789665518421757
FirstFitBatchDegree(size=50)[p=0.3],3,500,100,1.6300000000000001,0.7956758133813042
FirstFitBatchDegree(size=50)[p=0.3],3,600,100,1.61,0.7860661549767933
FirstFitBatchDegree(size=50)[p=0.3],3,700,100,1.64,0.9269783648440177
FirstFitBatchDegree(size=50)[p=0.3],3,800,100,1.5133333333333334,0.6279065747917175
FirstFitBatchDegree(size=50)[p=0.3],3,900,100,1.61,0.670082913609287
FirstFitBatchDegree(size=50)[p=0.3],3,1000,100,1.5833333333333333,0.807430767585955
FirstFitBatch(size=50)[p=0.3],4,50,100,2.0125,0.4546633369868303
FirstFitBatch(size=50)[p=0.3],4,100,100,2.3975,0.7509119455701847
FirstFitBatch(size=50)[p=0.3],4,150,100,2.5575,0.9771482743166464
FirstFitBatch(size=50)[p=0.3],4,200,100,2.8175,1.1307381438688624
FirstFitBatch(size=50)[p=0.3],4,300,100,2.7975,1.1020974321719472
FirstFitBatch(size=50)[p=0.3],4,400,100,3.045,1.2416621923856745
FirstFitBatch(size=50)[p=0.3],4,500,100,2.795,1.187634202942977
FirstFitBatch(size=50)[p=0.3],4,600,100,2.9625,1.2636133704579102
FirstFitBatch(size=50)[p=0.3],4,700,100,3.1075,1.6352580071658418
FirstFitBatch(size=50)[p=0.3],4,800,100,3.0175,1.2734083202178317
FirstFitBatch(size=50)[p=0.3],4,900,100,2.9825,1.2802612038174086
FirstFitBatch(size=50)[p=0.3],4,1000,100,3.08,1.4670889543582557
FirstFitBatchDegree(size=50)[p=0.3],4,50,100,1.375,0.375
FirstFitBatchDegree(size=50)[p=0.3],4,100,100,1.66,0.6869497798238238
FirstFitBatchDegree(size=50)[p=0.3],4,150,100,1.9525,0.797413788443616
FirstFitBatchDegree(size=50)[p=0.3],4,200,100,2.155,1.0196690639614403
FirstFitBatchDegree(size=50)[p=0.3],4,300,100,2.2125,1.1132020256898565
FirstFitBatchDegree(size=50)[p=0.3],4,400,100,2.1725,1.0866778501469514
FirstFitBatchDegree(size=50)[p=0.3],4,500,100,2.325,1.2044189470445905
FirstFitBatchDegree(size=50)[p=0.3],4,600,100,2.61,1.3552306076826925
FirstFitBatchDegree(size=50)[p=0.3],4,700,100,2.195,1.1814080582085091
FirstFitBatchDegree(size=50)[p=0.3],4,800,100,2.085,1.0672511419530082
FirstFitBatchDegree(size=50)[p=0.3],4,900,100,2.34,1.1808471535300409
FirstFitBatchDegree(size=50)[p=0.3],4,1000,100,2.705,1.5253606131010464
